GSvolume_pa_composition_average,ML pred ASR barrier (eV),IsRareEarth_composition_average,IsFBlock_composition_average,NdUnfilled_composition_average,CovalentRadii_composition_average,BCCfermi_composition_average,GSenergy_pa_composition_average,AtomicVolume_arithmetic_average,ThermalExpansionCoefficient_arithmetic_average,ICSDVolume_composition_average,valence_composition_average,HeatFusion_composition_average,CovalentRadius_composition_average,phi_difference,HHIr_composition_average,ThermalConductivity_arithmetic_average,HeatFusion_arithmetic_average,ElectricalConductivity_composition_average,HHIr_arithmetic_average,Electrolyte class_2,GSestFCClatcnt_composition_average,HHIp_composition_average,SecondIonizationEnergy_arithmetic_average,ElectricalConductivity_difference
19.52683673469388,1.134531099,0.0,0.0,0.7142857142857142,1.0514285714285714,3.416132312653061,-4.821274933775509,3739.588361359413,166.54,24.559183673469384,2.3673469387755097,4.93265306122449,106.63265306122447,2.78,1351.020408163265,50.51348,13.47,3.663265306122448,3140.0,0.0,3.913790429142857,1571.428571428571,18.5362,15.099999999999998
21.98483333333333,1.258738249,0.0,0.0,0.7666666666666666,1.112888888888889,3.415814430555556,-4.591348627722223,3745.731015769601,167.4,26.608888888888888,2.2444444444444445,5.201177777777778,113.66666666666666,2.78,1465.5555555555557,28.46748,9.7492,4.046666666666666,3200.0,0.0,4.056477317977778,1711.1111111111113,18.3336,17.0
20.068800000000003,1.263385158,0.0,0.0,0.8,1.0656,3.4673047528,-4.89612454005,4677.970250109028,208.675,25.093,2.8,4.332199999999999,108.61,2.61,1032.0,74.71685000000001,7.422499999999999,3.085,1425.0,0.0,3.94617909126,1389.0,18.293,28.5
20.2041,1.086717546,0.0,0.0,0.76,1.0683,3.4867724948000003,-4.839937716050001,3747.5927317193,173.36,25.237,2.77,4.227009999999999,108.71,2.61,1038.0,76.09347999999999,6.5962,3.007,1540.0,0.0,3.95712017443,1398.0,18.4082,28.5
22.978,1.44558847,0.1,0.1,1.3,1.116,3.174698026,-4.544984996,4675.932078652993,204.4,27.55,2.6,3.483,116.2,2.61,1210.0,27.56685,6.6525,1.82,1825.0,0.0,4.136255178000001,2090.0,18.038,9.8
19.476020408163265,1.082027388,0.0,0.0,0.693877551020408,1.0506122448979591,3.49236039,-4.836637918265305,3739.088110900911,166.04,24.50612244897959,2.387755102040816,5.085306122448979,106.42857142857142,2.78,1279.5918367346935,67.37347999999999,14.966,3.881632653061224,2440.0,0.0,3.9097089822857134,1446.938775510204,18.9644,15.099999999999998
20.4178,1.27479556,0.0,0.0,0.72,1.0702,3.386024054,-4.7874217846,3739.588361359413,166.54,25.336,2.42,4.928599999999999,108.92,2.78,1344.0,50.51348,13.47,3.512,3140.0,0.0,3.96330629454,1586.0,18.5362,15.099999999999998
20.4081,1.17159768,0.0,0.0,0.7,1.07,3.3798024801999995,-4.7633198803,3739.588361359413,166.54,25.324,2.3600000000000003,4.976399999999999,108.8,2.78,1370.0,50.51348,13.47,3.646,3140.0,0.0,3.96223494256,1600.0,18.5362,15.099999999999998
20.4081,1.245413458,0.0,0.0,0.7,1.07,3.3798024801999995,-4.7633198803,3739.588361359413,166.54,25.324,2.3600000000000003,4.976399999999999,108.8,2.78,1370.0,50.51348,13.47,3.646,3140.0,1.0,3.96223494256,1600.0,18.5362,15.099999999999998
20.44318,1.242322278,0.0,0.0,0.7399999999999999,1.07092,3.37880082916,-4.6951635965800005,3740.989796947069,167.08,25.4072,2.332,4.65724,108.768,2.78,1271.6,42.93348,10.29,3.5827999999999998,2280.0,0.0,3.96417992566,1527.6,18.2322,16.4
21.171,1.123112687,0.0,0.0,0.52,1.0764,3.5209796352,-4.578287550400001,3741.3812918157632,169.48,25.82,2.36,4.338399999999999,108.56,2.78,1204.0,53.09348,8.9,3.504,1700.0,0.0,4.01405240068,1472.0,18.5986,15.099999999999998
20.7199,1.170289092,0.0,0.0,0.6,1.0716,3.4689985582,-4.6647762958,3741.3812918157632,169.48,25.514000000000003,2.4000000000000004,4.471599999999999,108.42,2.78,1200.0,53.09348,8.9,3.554,1700.0,0.0,3.9819516992,1468.0,18.5986,15.099999999999998
21.1526,1.045027701,0.0,0.0,0.7,1.0806,3.4046104783999995,-4.628358604100001,3123.319945326889,143.11666666666667,25.938,2.34,4.4232,109.57999999999998,2.78,1224.0,47.11123333333334,9.315,3.366,1850.0,0.0,4.013102680039999,1616.0,17.538833333333333,16.099999999999998
20.60526,1.404889481,0.0,0.0,0.7399999999999999,1.0738,3.35928544356,-4.69802898354,3742.590577339854,167.34,25.5352,2.332,4.61388,109.08800000000002,2.78,1241.2,43.21348,9.748,3.5875999999999992,1900.0,0.0,3.973700430412,1596.4,18.1202,16.099999999999998
21.1342,1.214236068,0.0,0.0,0.88,1.0848,3.2882413216,-4.678429657800001,3742.590577339854,167.34,26.056,2.3200000000000003,4.507999999999999,110.6,2.78,1244.0,43.21348,9.748,3.228,1900.0,0.0,4.0121529594,1760.0,18.1202,16.099999999999998
20.7269,1.332925376,0.02,0.02,0.58,1.0772,3.318875075,-4.5909355313,3744.735869151062,170.1,25.784,2.3200000000000003,4.529599999999999,109.26,2.78,1256.0,46.75348,9.002,3.587999999999999,2000.0,0.0,3.98172728754,1620.0,18.1098,15.099999999999998
20.23,1.160105817,0.0,0.0,0.6,1.066,3.392131186,-4.654857424,6222.720769615736,271.2,25.16,2.2,4.795999999999999,107.8,2.78,1300.0,39.555800000000005,7.846666666666667,4.14,1833.3333333333333,0.0,3.9455655898,1520.0,20.727,15.099999999999998
20.23,1.355093511,0.0,0.0,0.6,1.066,3.392131186,-4.654857424,6222.720769615736,271.2,25.16,2.2,4.795999999999999,107.8,2.78,1300.0,39.555800000000005,7.846666666666667,4.14,1833.3333333333333,0.0,3.9455655898,1520.0,20.727,15.099999999999998
20.52975,1.441246163,0.0,0.0,0.75,1.073,3.3499158435000003,-4.634985522625,4673.292904941451,205.9,25.505000000000003,2.2,4.7435,108.9,2.78,1345.0,33.61685000000001,9.41,3.73,2500.0,0.0,3.97096771715,1580.0,18.74525,16.4
20.8295,1.400531751,0.0,0.0,0.9,1.08,3.307700501,-4.61511362125,4673.292904941451,205.9,25.85,2.2,4.690999999999999,110.0,2.78,1390.0,33.61685000000001,9.41,3.32,2500.0,0.0,3.9963698445,1640.0,18.74525,16.4
21.12925,1.399621648,0.0,0.0,1.05,1.087,3.2654851585,-4.595241719875,4673.292904941451,205.9,26.195,2.2,4.6385,111.1,2.78,1435.0,33.61685000000001,9.41,2.91,2500.0,0.0,4.02177197185,1700.0,18.74525,16.4
20.7714,1.1029212,0.0,0.0,0.72,1.0738,3.4945802012,-4.8096406678,4676.106818053961,206.45,25.752,2.78,4.26392,109.32,2.61,1132.0,26.68435,8.064,2.594,2550.0,1.0,3.98803603902,1438.0,19.497,10.3
20.8281,1.175718303,0.02,0.02,0.8399999999999999,1.077,3.379752423,-4.753392459900001,3742.944835059017,166.12,25.698,2.58,4.2944,110.08,2.78,1152.0,42.05348,8.562000000000001,3.006,2000.0,0.0,3.98906026734,1564.0,17.842399999999998,16.5
20.5921,1.148801367,0.01,0.01,0.85,1.0728,3.4263820342000004,-4.8607873199,4675.932078652993,204.4,25.507,2.78,4.2345,109.72,2.61,1057.0,27.56685,6.6525,2.7019999999999995,1825.0,0.0,3.97427671644,1451.0,18.038,9.8
20.3372,1.039426339,0.0,0.0,0.6799999999999999,1.068,3.3921643121,-4.7577315808,4670.193438766384,207.225,25.283,2.68,4.3117,109.0,2.61,1043.0,124.96685,8.6875,4.285,1425.0,0.0,3.95737702146,1356.0,20.39825,57.900000000000006
20.344,1.148188925,0.0,0.0,0.6,1.068,3.3507092375000003,-4.66563499,4670.193438766384,207.225,25.285,2.6,4.307499999999999,109.0,2.61,1045.0,124.96685,8.6875,5.275,1425.0,0.0,3.9581089627,1340.0,20.39825,57.900000000000006
20.7868,1.007234616,0.0,0.0,0.8800000000000001,1.0784,3.3405229176,-4.8098878176,3740.641123417188,166.22,25.692,2.48,4.7968,110.24,2.78,1192.0,44.31348,11.670000000000002,2.98,1900.0,1.0,3.99302791984,1476.0,18.2982,15.599999999999998
20.7868,0.948089419,0.0,0.0,0.8800000000000001,1.0784,3.3405229176,-4.8098878176,3740.641123417188,166.22,25.692,2.48,4.7968,110.24,2.78,1192.0,44.31348,11.670000000000002,2.98,1900.0,0.0,3.99302791984,1476.0,18.2982,15.599999999999998
21.0555,1.014375074,0.0,0.0,1.0,1.0844,3.3084972096,-4.8633011101,3740.641123417188,166.22,25.946,2.56,4.845,111.34,2.78,1164.0,44.31348,11.670000000000002,2.534,1900.0,1.0,4.01568773288,1468.0,18.2982,15.599999999999998
21.0264,1.070656287,0.0,0.0,0.94,1.0838,3.2898324882,-4.7909953972,3740.641123417188,166.22,25.91,2.38,4.9884,110.98,2.78,1242.0,44.31348,11.670000000000002,2.9359999999999995,1900.0,1.0,4.01247367694,1510.0,18.2982,15.599999999999998
20.9702,0.878158136,0.0,0.0,0.9000000000000001,1.0818,3.3206036934,-4.768260642,3122.703138328077,140.4,25.886,2.46,4.6046000000000005,110.54,2.78,1192.0,39.79456666666667,11.623333333333331,2.97,2016.6666666666663,0.0,4.0036617916,1604.0,17.2885,16.099999999999998
20.9702,1.006768228,0.0,0.0,0.9000000000000001,1.0818,3.3206036934,-4.768260642,3122.703138328077,140.4,25.886,2.46,4.6046000000000005,110.54,2.78,1192.0,39.79456666666667,11.623333333333331,2.97,2016.6666666666663,1.0,4.0036617916,1604.0,17.2885,16.099999999999998
20.4623,1.261599069,0.0,0.0,0.76,1.0707,3.473814666,-4.839689643,4673.7566178235065,211.125,25.424,2.77,4.21281,109.1,2.61,1046.0,45.11685,6.11025,2.7219999999999995,1550.0,0.0,3.96722019277,1389.0,20.0425,8.399999999999999
20.4015,1.228745995,0.0,0.0,0.8200000000000001,1.0697,3.4388502104,-4.9139548387000005,4671.736486528489,204.925,25.344,2.79,4.4799,109.32,2.61,1114.0,38.141850000000005,12.7875,2.754,3250.0,0.0,3.96300675801,1441.0,18.90525,8.399999999999999
20.3065,1.188529957,0.0,0.0,0.7,1.067,3.386561878,-4.7589184775,4669.971274393836,206.45,25.235,2.65,4.501499999999999,108.6,2.8800000000000003,1045.0,47.391850000000005,9.6575,2.97,1425.0,0.0,3.95402035845,1310.0,19.86725,11.8
20.327,1.423274756,0.0,0.0,0.8,1.068,3.454346924,-4.895876467,6222.981271044546,270.8,25.28,2.8,4.318,109.0,2.61,1040.0,32.9558,7.05,2.8,1400.0,0.0,3.9562791096,1380.0,20.433666666666667,8.399999999999999
20.55255,1.279379967,0.0,0.0,0.76,1.0704,3.4803374625000005,-4.8526320943000005,4673.977649598925,208.6,25.433,2.78,4.2514,109.07,2.61,1042.0,41.36685,7.074999999999999,2.775,1450.0,0.0,3.97232946034,1382.0,18.98325,8.399999999999999
21.2292,1.240200301,0.0,0.0,0.64,1.0776,3.558309078,-4.722898976200001,4673.977649598925,208.6,25.892,2.72,4.0516000000000005,109.28,2.61,1048.0,41.36685,7.074999999999999,2.7,1450.0,1.0,4.020480512560001,1388.0,18.98325,8.399999999999999
23.451200000000004,0.989212628,0.0,0.0,0.24,1.1066,3.759475464,-4.2917199802,3746.2788114955815,169.56,28.252,2.62,3.781200000000001,110.88,2.61,1508.0,34.66748,7.881199999999999,1.6699999999999997,2360.0,1.0,4.17926515966,1678.0,18.524,10.3
22.5624,0.922249885,0.0,0.0,0.4,1.095,3.6790089096,-4.4641915786,3746.2788114955815,169.56,27.308,2.66,3.88936,110.24,2.61,1324.0,34.66748,7.881199999999999,2.0819999999999994,2360.0,1.0,4.11575130082,1562.0,18.524,10.3
21.6736,1.060064104,0.0,0.0,0.5599999999999999,1.0834,3.5985423552,-4.636663177000001,3746.2788114955815,169.56,26.364,2.7,3.99752,109.6,2.61,1140.0,34.66748,7.881199999999999,2.4939999999999998,2360.0,1.0,4.05223744198,1446.0,18.524,10.3
20.45165,1.100733813,0.0,0.0,0.84,1.0708,3.4321124962000003,-4.898481208950001,4673.052439100708,204.525,25.395,2.78,4.3899,109.43,2.61,1052.0,30.39185,10.5375,2.711,1700.0,0.0,3.96653766414,1390.0,18.60775,8.899999999999999
20.836,0.990448595,0.0,0.0,0.64,1.0754,3.4438517982000003,-4.6687309789,3743.926591190129,171.2,25.82,2.7,4.12908,109.12,2.61,1142.0,44.54748,7.8648,2.708,2420.0,1.0,3.994455862,1422.0,19.1904,15.999999999999998
20.0116,1.120830499,0.01,0.01,0.89,1.0643,3.4723353391000003,-4.923185457500001,4675.498384361861,202.6,24.981,2.81,4.3435,108.81,2.61,1048.0,27.36685,7.705,2.78,1825.0,0.0,3.94334202529,1445.0,18.349,10.4
15.479100000000004,1.376561458,0.02,0.02,0.8,0.9886,4.455086917,-5.2399067206000005,3747.9332895898,166.24,20.864,3.24,4.87144,99.38,2.61,1574.0,23.84748,7.829199999999999,2.508,2660.0,0.0,3.75949965028,1832.0,17.7078,10.3
16.3076,0.949310678,0.0,0.0,0.76,1.0086,4.1393483184,-5.0286190064000005,3741.1553964001537,168.14,21.826,2.9800000000000004,4.8432,100.06,2.7,1532.0,38.37348,9.7532,3.098,2720.0,0.0,3.79669088424,1758.0,19.2148,17.0
16.327,1.097706742,0.0,0.0,0.8,1.009,4.151791466000001,-5.076822815,4673.695280329414,206.925,21.85,3.1,4.7476,100.3,2.53,1480.0,22.96685,8.1415,2.83,2725.0,0.0,3.7988335882,1730.0,19.7535,10.3
17.6038,1.255810941,0.0,0.0,0.8,1.036,3.7466361992,-4.939369967,4673.695280329414,206.925,23.092,2.92,4.52704,103.12,2.53,1300.0,22.96685,8.1415,3.076,2725.0,0.0,3.8539997434,1664.0,19.7535,10.3
16.340600000000002,1.098390629,0.0,0.0,0.64,1.009,4.068881316800001,-4.8926296334,3741.322212649911,168.84,21.854,2.9400000000000004,4.7392,100.3,2.53,1484.0,98.57348,9.2332,4.81,2480.0,0.0,3.80029747068,1698.0,19.8612,59.8
16.476,1.001234832,0.0,0.0,0.84,1.0124,4.1207980388,-5.1129795584,3742.5566508595934,167.0,21.978,3.08,5.0714,100.94,2.53,1628.0,29.113480000000003,12.5132,2.738,3940.0,0.0,3.81228888502,1852.0,18.6668,10.3
16.7436,0.568311667,0.0,0.0,0.72,1.0136,4.190544833800001,-4.9934603746,3744.994508952289,167.74,22.22,3.08,4.8672,100.44,2.53,1520.0,23.23348,10.4712,2.658,2860.0,0.0,3.8291386862,1840.0,19.1088,10.3
16.4462,1.170578451,0.0,0.0,0.88,1.012,4.0822846164,-5.0666176702,3742.483487695292,167.26,21.968,3.06,4.7544,100.86,2.53,1484.0,22.75348,9.3432,2.658,2500.0,0.0,3.80994296074,1704.0,18.5188,10.3
16.5654,1.169277862,0.0,0.0,0.96,1.015,4.0127777668,-5.056412525400001,3742.483487695292,167.26,22.086,3.02,4.7612,101.42,2.53,1488.0,22.75348,9.3432,2.486,2500.0,0.0,3.82105233328,1678.0,18.5188,10.3
16.474800000000002,0.870379039,0.0,0.0,0.86,1.0124,4.1314864684,-5.1481411186,3742.565570175368,166.8,21.968,3.08,5.2028,101.06,2.53,1548.0,29.87348,13.8272,2.768,3140.0,0.0,3.81219694686,1728.0,15.802799999999998,10.3
20.060075,1.120228435,0.01,0.01,0.89,1.0607,3.5161000436,-4.92591670625,4676.61861481311,204.4,25.026,2.81,4.3088,108.92,2.61,1048.0,28.09185,6.8375,2.7909999999999995,1825.0,0.0,3.945765783,1445.0,18.09,9.3
20.060075,1.009446865,0.01,0.01,0.89,1.0607,3.5161000436,-4.92591670625,4676.61861481311,204.4,25.026,2.81,4.3088,108.92,2.61,1048.0,28.09185,6.8375,2.7909999999999995,1825.0,0.0,3.945765783,1445.0,18.09,9.3
18.1916,1.050632297,0.08,0.08,1.52,1.0096,3.9483718808,-5.136198381,4676.61861481311,204.4,23.248,2.88,4.2444,108.36,2.61,1104.0,28.09185,6.8375,2.728,1825.0,0.0,3.8721724968,1900.0,18.09,9.3
19.259300000000003,0.924626384,0.04,0.04,1.16,1.0388,3.701359402400001,-5.016037424,4676.61861481311,204.4,24.264000000000003,2.84,4.2812,108.68,2.61,1072.0,28.09185,6.8375,2.764,1825.0,0.0,3.9142258032,1640.0,18.09,9.3
19.79315,1.130791246,0.02,0.02,0.98,1.0534,3.5778531632000004,-4.9559569455000005,4676.61861481311,204.4,24.772,2.82,4.2996,108.84,2.61,1056.0,28.09185,6.8375,2.782,1825.0,0.0,3.9352524564,1510.0,18.09,9.3
20.178477380952003,1.058472035,0.01,0.01,0.85,1.0596,3.552263861,-4.897066953075,3746.937716213816,188.92,25.098,2.8,4.3561,108.67,3.23,1085.0,22.52048,9.178,2.6789999999999994,2480.0,0.0,3.95561417331,1441.0,18.417,11.2
17.663541666666667,1.183335729,0.0,0.0,0.6666666666666667,1.0225,3.4890239704166666,-4.798816301458333,3747.052560918652,169.58,23.050000000000004,2.333333333333333,4.625416666666667,101.91666666666669,2.78,1262.5,40.47948,8.956000000000001,4.1,1980.0,0.0,3.820902997916667,1529.1666666666667,17.8782,15.099999999999998
19.3134,1.09760532,0.0,0.0,0.6400000000000001,1.0594,3.4156672156,-4.6789903666,3747.052560918652,169.58,24.504,2.3200000000000003,4.731400000000001,106.04,2.78,1318.0,40.47948,8.956000000000001,4.0920000000000005,1980.0,0.0,3.91495732906,1612.0,17.8782,15.099999999999998
19.3134,1.205873511,0.0,0.0,0.6400000000000001,1.0594,3.4156672156,-4.6789903666,3747.052560918652,169.58,24.504,2.3200000000000003,4.731400000000001,106.04,2.78,1318.0,40.47948,8.956000000000001,4.0920000000000005,1980.0,0.0,3.91495732906,1612.0,17.8782,15.099999999999998
19.3134,1.207653558,0.0,0.0,0.6400000000000001,1.0594,3.4156672156,-4.6789903666,3747.052560918652,169.58,24.504,2.3200000000000003,4.731400000000001,106.04,2.78,1318.0,40.47948,8.956000000000001,4.0920000000000005,1980.0,1.0,3.91495732906,1612.0,17.8782,15.099999999999998
18.751800000000003,0.66527002,0.0,0.0,0.6400000000000001,1.0552,3.4223229448,-4.664547847000001,3747.052560918652,169.58,24.096000000000004,2.3200000000000003,4.75,104.84,2.78,1360.0,40.47948,8.956000000000001,4.224,1980.0,0.0,3.89530675024,1684.0,17.8782,15.099999999999998
19.3716,1.166365477,0.0,0.0,0.76,1.0606,3.4529966584,-4.8236017924,3747.052560918652,169.58,24.576,2.68,4.4446,106.76,2.78,1162.0,40.47948,8.956000000000001,3.288,1980.0,0.0,3.92138544094,1528.0,17.8782,15.099999999999998
19.3522,1.347593528,0.0,0.0,0.72,1.0602,3.4405535108,-4.7753979838000005,3747.052560918652,169.58,24.552,2.56,4.5402000000000005,106.52,2.78,1214.0,40.47948,8.956000000000001,3.556,1980.0,0.0,3.91924273698,1556.0,17.8782,15.099999999999998
19.3149,1.046872257,0.0,0.0,0.62,1.0592,3.394774771,-4.6483090751,3124.3673481724936,143.55,24.498,2.3200000000000003,4.757,106.0,2.8800000000000003,1294.0,48.84956666666667,10.376666666666669,4.026,1900.0,0.0,3.91512518058,1570.0,17.9265,15.099999999999998
20.3231,1.124345212,0.0,0.0,0.54,1.0702,3.4395068202,-4.5617715071000005,3749.913619556821,173.64,25.324,2.2,4.54402,107.72,2.78,1300.0,40.75948,6.8522,3.894,2100.0,0.0,3.96196891518,1548.0,18.416,15.099999999999998
19.6399,1.131582707,0.0,0.0,0.66,1.064,3.3762336382,-4.6958593789,3748.297514520806,168.68,24.756,2.24,5.096799999999999,106.96,2.78,1478.0,35.17948,12.194,4.09,3460.0,0.0,3.93389146684,1724.0,17.5062,15.099999999999998
19.4046,1.135143627,0.0,0.0,0.64,1.061,3.3825296568,-4.687612419400001,3747.2193771684088,170.28,24.604,2.64,4.3406,107.0,2.61,1114.0,100.67948,8.436,5.0,1740.0,0.0,3.92499202738,1468.0,18.5246,57.900000000000006
19.4182,1.160439158,0.0,0.0,0.48,1.061,3.2996195076,-4.5034192378,3747.2193771684088,170.28,24.608,2.48,4.3322,107.0,2.61,1118.0,100.67948,8.436,6.98,1740.0,0.0,3.92645590986,1436.0,18.5246,57.900000000000006
19.4459,1.15255035,0.0,0.0,0.7000000000000001,1.0624,3.4084898292,-4.7067940078,3125.07808138801,146.35,24.656,2.66,4.26196,106.68,2.78,1146.0,53.06623333333334,8.641333333333334,3.268,1966.6666666666663,0.0,3.9288766159,1498.0,17.8925,15.099999999999998
19.391,1.226283336,0.0,0.0,0.8,1.061,3.465439806,-4.871805601,4681.066735977536,208.725,24.6,2.8,4.349,107.0,2.61,1110.0,25.59935,7.145,3.02,1800.0,0.0,3.9235281449,1500.0,18.08275,8.399999999999999
19.517,1.183841803,0.0,0.0,0.8,1.064,3.3544778818000003,-4.769503865400001,3125.622200500142,143.33333333333334,24.72,2.6800000000000006,4.3516,107.56,2.61,1116.0,87.54956666666666,9.388333333333334,3.838,1716.6666666666663,0.0,3.93536945868,1458.0,17.700499999999998,58.1
19.4902,1.169644465,0.0,0.0,0.82,1.0636,3.5091498946,-4.923018069199999,3747.953564919589,167.94,24.676,2.8,4.8224,107.44,2.61,1188.0,48.07948,13.212,3.1420000000000003,2500.0,1.0,3.9329836238,1500.0,17.758399999999998,14.5
19.54,1.138237765,0.0,0.0,0.84,1.0644,3.4344463788,-4.9079623444,3748.453815378092,168.44,24.728,2.78,4.6728,107.64,2.61,1258.0,31.21948,11.716,2.9280000000000004,3200.0,0.0,3.93698344172,1622.0,17.330199999999998,8.399999999999999
19.8076,0.962642007,0.0,0.0,0.72,1.0656,3.5041931738,-4.7884431606,3750.8916734707855,169.18,24.97,2.78,4.4686,107.14,2.61,1150.0,25.33948,9.674,2.8480000000000003,2120.0,0.0,3.9538332429,1610.0,17.772199999999998,8.6
19.520200000000003,1.088467182,0.0,0.0,0.64,1.0642,3.363983,-4.5899862232,3747.894525528989,173.02,24.736,2.640000000000001,4.07932,106.6,2.61,1130.0,43.67948,7.1296,3.248,1820.0,0.0,3.93636779086,1468.0,18.059,14.099999999999998
18.5105,1.186201622,0.04,0.04,1.16,1.0332,3.710233708000001,-4.9967807312,3752.3595180057896,168.02,23.72,2.84,4.306,107.07999999999998,2.61,1128.0,23.17948,6.956,2.9399999999999995,2060.0,0.0,3.88802503144,1736.0,16.677999999999997,9.3
18.505651724138,1.005696284,0.04,0.04,1.1800000000000002,1.0332,3.732702693,-5.0114823490068,3129.001715749091,143.63333333333333,23.730000000000004,2.8600000000000003,4.288,107.22,2.61,1136.0,20.61956666666667,7.948333333333334,2.726,2016.6666666666663,0.0,3.88749367504,1720.0,16.505000000000003,10.7
18.34843475321177,0.908141197,0.0392156862745098,0.0392156862745098,1.2549019607843137,1.0358823529411765,3.808040731960785,-5.090091817660392,3129.001715749091,143.63333333333333,23.50392156862745,2.9411764705882355,4.457058823529413,107.84313725490196,2.61,1149.0196078431377,20.61956666666667,7.948333333333334,2.682352941176471,2016.6666666666663,0.0,3.879398823411765,1717.6470588235293,16.505000000000003,10.7
20.0234,1.08297476,0.01,0.01,0.8,1.0644,3.4709194002,-4.92377504075,4675.725158036659,203.1,24.983,2.81,4.332999999999999,108.82999999999998,2.61,1048.0,28.04185,7.442499999999999,2.7829999999999995,1825.0,0.0,3.94395339924,1445.0,18.0925,10.1
19.520200000000003,1.088467182,0.0,0.0,0.64,1.0642,3.363983,-4.5899862232,3747.894525528989,173.02,24.736,2.64,4.07932,106.6,2.61,1130.0,43.67948,7.129599999999999,3.248,1820.0,0.0,3.93636779086,1468.0,18.059,14.099999999999998
15.268365517242,0.638959926,0.0,0.0,1.02,1.0234,3.8847309378,-5.069309231661201,4666.337297809447,207.825,21.758000000000003,2.96,4.763799999999999,103.1,1.9000000000000004,1100.0,65.44685,12.9175,6.481999999999999,3150.0,0.0,3.76295183202,1538.0,19.237,30.8
15.11451724138,0.755204718,0.0,0.0,1.0,1.02,3.93819335,-5.047854106068,6215.78235275249,274.6666666666667,21.64,3.0,4.421999999999999,102.6,1.9000000000000004,960.0,69.36246666666668,7.223333333333334,6.359999999999999,1266.6666666666667,0.0,3.7489651788,1400.0,20.876,30.8
17.961666666666666,0.846884335,0.1111111111111111,0.1111111111111111,1.6666666666666663,1.0622222222222222,3.627402207777778,-4.946964598333333,4675.303008290254,202.9,22.71111111111111,2.333333333333333,5.587777777777777,110.33333333333334,2.78,1477.7777777777778,32.31685,8.302499999999998,4.377777777777777,2150.0,0.0,3.871914333888889,2355.555555555556,18.569,17.099999999999998
17.961666666666666,1.141465441,0.1111111111111111,0.1111111111111111,1.6666666666666663,1.0622222222222222,3.627402207777778,-4.946964598333333,4675.303008290254,202.9,22.71111111111111,2.333333333333333,5.587777777777777,110.33333333333334,2.78,1477.7777777777778,32.31685,8.302499999999998,4.377777777777777,2150.0,0.0,3.871914333888889,2355.555555555556,18.569,17.099999999999998
18.069444444444443,1.46819733,0.1111111111111111,0.1111111111111111,1.8888888888888888,1.0644444444444443,3.696530805555556,-5.214763535,4675.498384361861,202.6,22.84444444444444,3.0,5.056666666666667,111.66666666666666,2.61,1188.888888888889,27.36685,7.705,2.888888888888889,1825.0,0.0,3.883818244777778,2200.0,18.349,10.4
18.042509578544447,1.721457247,0.1111111111111111,0.1111111111111111,2.0,1.0644444444444443,3.8213585,-5.296439189482222,3742.8412483826087,166.42000000000002,22.9,3.111111111111111,4.956666666666667,112.44444444444446,2.61,1233.3333333333333,23.45748,8.746,1.7000000000000002,1820.0,0.0,3.8808662647777785,2111.1111111111118,17.807199999999998,10.7
17.14875862069,1.121175013,0.1,0.1,1.7999999999999998,1.031,3.746576,-5.242474461034,3742.8412483826087,166.42000000000002,22.340000000000003,3.0,4.483,107.8,2.61,1160.0,23.45748,8.746,1.5299999999999998,1820.0,0.0,3.8242514845,1950.0,17.807199999999998,10.7
17.441666666666666,1.157943029,0.1111111111111111,0.1111111111111111,1.6666666666666663,1.0583333333333331,3.63356492,-4.933591894999999,3751.307032787504,166.82,22.33333333333333,2.333333333333333,5.605,109.22222222222224,2.78,1516.6666666666667,26.55948,8.128,4.5,2320.0,0.0,3.8537193535,2422.222222222222,17.0612,17.099999999999998
17.495555555555555,1.152778492,0.1111111111111111,0.1111111111111111,1.7777777777777777,1.0594444444444444,3.6681292188888888,-5.067491363333334,3128.052088151177,140.98333333333332,22.4,2.6666666666666665,5.339444444444444,109.88888888888889,2.78,1372.2222222222222,35.49956666666667,9.075,3.755555555555556,2166.666666666667,0.0,3.8596713089444448,2344.4444444444443,16.91433333333333,17.099999999999998
16.14,1.393050036,0.1,0.1,1.5,1.022,3.583108219,-4.9038764630000005,4672.891470565707,203.375,21.49,2.3,5.081999999999999,103.9,2.7,1450.0,28.59935,8.379999999999999,4.159999999999999,2325.0,0.0,3.783443782,2290.0,18.8255,17.099999999999998
14.8092,1.580748636,0.16,0.16,2.04,1.004,3.6843829804,-5.0821729256,4672.891470565707,203.375,20.104,2.3600000000000003,5.2164,103.96,2.7,1456.0,28.59935,8.379999999999999,3.908,2325.0,0.0,3.72547185496,2608.0,18.8255,17.099999999999998
17.56075,0.984945332,0.1,0.1,1.5,0.993,4.009662382,-4.9552598165,4676.423238741503,204.7,22.62,2.3,4.703999999999999,107.0,2.78,1380.0,33.041850000000004,7.435,4.05,2150.0,1.0,3.8404323238,2170.0,18.31,15.999999999999998
18.0946,1.101147707,0.08,0.08,1.3199999999999998,1.0076,3.8861561428,-4.895179338,4676.423238741503,204.7,23.128,2.28,4.7224,107.16,2.78,1364.0,33.041850000000004,7.435,4.068,2150.0,0.0,3.861458977,2040.0,18.31,15.999999999999998
19.75435,1.140249113,0.02,0.02,0.9,1.0526,3.552966868,-4.8595493283,3743.494063987111,166.12,24.724,2.58,4.4908,108.36,2.78,1160.0,42.47348,8.71,3.318,2000.0,0.0,3.93096704848,1566.0,17.884,15.999999999999998
18.66725,1.104760737,0.06,0.06,1.22,1.023,3.7875361988,-4.9315064767,3743.494063987111,166.12,23.684,2.5,4.5496,107.79999999999998,2.78,1244.0,42.47348,8.71,3.55,2000.0,0.0,3.88677103812,1854.0,17.884,15.999999999999998
17.1045,1.114760036,0.12,0.12,1.84,0.98,4.1829412116,-5.208155529400001,3743.494063987111,166.12,22.208,2.8,4.3032,107.79999999999998,2.78,1188.0,42.47348,8.71,2.96,2000.0,0.0,3.82797648644,2188.0,17.884,15.999999999999998
18.50027777777778,1.308599836,0.1111111111111111,0.1111111111111111,1.6666666666666663,1.022222222222222,4.113676702222223,-4.977311806666666,4676.423238741503,204.7,23.21111111111111,2.333333333333333,5.202222222222222,111.55555555555554,2.78,1477.7777777777778,33.041850000000004,7.435,4.5,2150.0,0.0,3.898844975111112,2355.555555555556,18.31,15.999999999999998
18.50027777777778,1.081673946,0.1111111111111111,0.1111111111111111,1.6666666666666663,1.022222222222222,4.113676702222223,-4.977311806666666,4676.423238741503,204.7,23.21111111111111,2.333333333333333,5.202222222222222,111.55555555555554,2.78,1477.7777777777778,33.041850000000004,7.435,4.5,2150.0,1.0,3.898844975111112,2355.555555555556,18.31,15.999999999999998
18.60805555555556,1.38989525,0.1111111111111111,0.1111111111111111,1.8888888888888888,1.0244444444444445,4.1828053,-5.245110743333333,4676.61861481311,204.4,23.34444444444444,3.0,4.671111111111111,112.88888888888889,2.61,1188.888888888889,28.09185,6.8375,3.011111111111111,1825.0,0.0,3.910748886,2200.0,18.09,9.3
18.3208,1.354391939,0.08,0.08,1.36,1.0128,3.846915074800001,-4.8543790032,3744.3360285974486,169.56,23.384,2.72,3.974720000000001,107.96,2.61,1124.0,45.67348,6.8836,2.9559999999999995,1840.0,0.0,3.88501214276,1868.0,18.0648,14.999999999999998
15.366,1.499819378,0.08,0.08,1.52,0.9652,4.5018903616,-5.2905838058,3746.462353487292,166.58,20.776000000000003,3.12,4.57568,102.2,2.53,1428.0,21.07348,7.753199999999999,2.664,2800.0,0.0,3.75931646556,2132.0,18.0146,10.3
15.13285,1.272157649,0.1399999999999999,0.1399999999999999,2.26,0.9534,4.7017474192,-5.5619746908,4671.189484346142,203.1,20.662,2.9399999999999995,5.7124,106.94,2.1000000000000005,1644.0,76.86685,8.989999999999998,3.724,2300.0,0.0,3.75835934756,2484.0,18.63675,29.4
15.041900000000002,1.584427927,0.12,0.12,1.7999999999999998,0.9604,4.2448189528,-5.1487775308,3739.076729864385,166.54,20.700000000000003,2.8000000000000003,4.468,104.6,2.6500000000000004,1076.0,76.93347999999999,9.25,5.108,1600.0,0.0,3.74751204276,2176.0,18.479,29.4
15.041900000000002,1.59633682,0.12,0.12,1.7999999999999998,0.9604,4.2448189528,-5.1487775308,3739.076729864385,166.54,20.700000000000003,2.8000000000000003,4.468,104.6,2.6500000000000004,1076.0,76.93347999999999,9.25,5.108,1600.0,0.0,3.74751204276,2176.0,18.479,29.4
14.9305,1.15975428,0.2,0.2,2.2,0.9196,4.473156798,-4.99694767,3732.698979932985,165.62,20.084000000000003,2.3600000000000003,4.6104,106.28,2.03,1316.0,121.09348,10.739999999999998,5.408,1860.0,0.0,3.73957705032,2592.0,20.3392,58.8
14.8915,1.842493593,0.2,0.2,2.4,0.92,4.627193578,-5.2556622090000005,6213.574557763772,266.06666666666666,20.08,2.4,4.611999999999999,106.2,1.93,1460.0,37.92246666666667,7.54,3.96,2100.0,0.0,3.7352990578,2820.0,21.078666666666663,15.999999999999998
15.0805,1.284683083,0.2,0.2,2.8,0.924,4.994519164,-5.740727688,6213.940250027365,263.3666666666667,20.26,3.0,5.572,108.8,1.4800000000000004,1740.0,35.82246666666667,9.14,1.96,2566.6666666666665,0.0,3.755879498,2820.0,20.892,6.0
14.947500000000002,1.699589894,0.2,0.2,2.4000000000000004,0.92,4.553839224,-5.222765273,4663.111615504863,202.6,20.11,2.7,4.501,106.6,2.03,1210.0,46.16685,9.4275,2.96,1625.0,0.0,3.7414950753,2540.0,20.131,12.7
14.9721,1.807441691,0.2,0.2,2.52,0.9212,4.6351812792,-5.3871148604000005,4663.111615504863,202.6,20.164,2.88,4.2808,107.08,2.03,1204.0,46.16685,9.4275,2.756,1625.0,0.0,3.74420557668,2624.0,20.131,12.7
14.988500000000002,1.417809609,0.2,0.2,2.6,0.922,4.689409316000001,-5.496681252,6213.835059192582,265.6666666666667,20.200000000000003,3.0,4.134,107.4,1.7599999999999998,1200.0,31.322466666666667,6.743333333333333,2.62,1666.6666666666667,0.0,3.7460125776,2680.0,20.78533333333333,9.3
14.988500000000002,1.703000893,0.2,0.2,2.6,0.922,4.689409316000001,-5.496681252,6213.835059192582,265.6666666666667,20.200000000000003,3.0,4.134,107.4,1.7599999999999998,1200.0,31.322466666666667,6.743333333333333,2.62,1666.6666666666667,0.0,3.7460125776,2680.0,20.78533333333333,9.3
14.94001724138,1.566071408,0.2,0.2,2.8,0.922,4.914099166,-5.643697430068,6213.980172357934,268.96666666666664,20.3,3.2,3.954,108.8,1.2800000000000002,1280.0,7.195800000000001,6.443333333333334,0.48,1800.0,0.0,3.7406990136,2520.0,20.60533333333333,1.4
14.9393,1.237655016,0.2,0.2,2.36,0.9196,4.5267252056,-5.1679820772,4663.111615504863,202.6,20.092,2.64,4.5744,106.44,2.03,1212.0,46.16685,9.4275,3.028,1625.0,0.0,3.74059157484,2512.0,20.131,12.7
14.9393,1.272011527,0.2,0.2,2.36,0.9196,4.5267252056,-5.1679820772,4663.111615504863,202.6,20.092,2.64,4.5744,106.44,2.03,1212.0,46.16685,9.4275,3.028,1625.0,0.0,3.74059157484,2512.0,20.131,12.7
16.2781,1.339236847,0.12,0.12,1.6799999999999995,0.9728,4.1420429268,-4.996083602200001,4674.011701016956,205.175,21.568,2.3200000000000003,4.7104,105.24,2.7,1452.0,29.32435,7.512499999999999,4.207999999999999,2325.0,0.0,3.79320489884,2396.0,18.5665,15.999999999999998
16.2781,1.188486115,0.12,0.12,1.6799999999999995,0.9728,4.1420429268,-4.996083602200001,4674.011701016956,205.175,21.568,2.3200000000000003,4.7104,105.24,2.7,1452.0,29.32435,7.512499999999999,4.207999999999999,2325.0,1.0,3.79320489884,2396.0,18.5665,15.999999999999998
16.2781,0.917826656,0.12,0.12,1.6799999999999995,0.9728,4.1420429268,-4.996083602200001,4674.011701016956,205.175,21.568,2.3200000000000003,4.7104,105.24,2.7,1452.0,29.32435,7.512499999999999,4.207999999999999,2325.0,0.0,3.79320489884,2396.0,18.5665,15.999999999999998
15.5848,1.662637709,0.16,0.16,2.04,0.9464,4.3846182524,-5.1258729056,4674.011701016956,205.175,20.824,2.3600000000000003,4.661199999999999,105.72,2.7,1456.0,29.32435,7.512499999999999,4.084,2325.0,0.0,3.76425197832,2608.0,18.5665,15.999999999999998
15.5848,1.869007513,0.16,0.16,2.04,0.9464,4.3846182524,-5.1258729056,4674.011701016956,205.175,20.824,2.3600000000000003,4.661199999999999,105.72,2.7,1456.0,29.32435,7.512499999999999,4.084,2325.0,0.0,3.76425197832,2608.0,18.5665,15.999999999999998
15.5848,1.718816633,0.16,0.16,2.04,0.9464,4.3846182524,-5.1258729056,4674.011701016956,205.175,20.824,2.3600000000000003,4.661199999999999,105.72,2.7,1456.0,29.32435,7.512499999999999,4.084,2325.0,1.0,3.76425197832,2608.0,18.5665,15.999999999999998
16.64415,1.402697315,0.1,0.1,1.54,0.9864,4.0331984116,-4.9793927591000005,3741.564833807473,166.5,21.964,2.42,4.6394,105.24,2.7,1398.0,39.49948,8.772,4.002,2140.0,1.0,3.80982406306,2262.0,18.0892,15.999999999999998
16.355700000000002,1.411684135,0.12,0.12,1.84,0.9744,4.1918155172,-5.1888988366,3741.564833807473,166.5,21.664,2.8,4.328,106.2,2.7,1244.0,39.49948,8.772,3.136,2140.0,0.0,3.80177571468,2284.0,18.0892,15.999999999999998
16.355700000000002,1.472107191,0.12,0.12,1.84,0.9744,4.1918155172,-5.1888988366,3741.564833807473,166.5,21.664,2.8,4.328,106.2,2.7,1244.0,39.49948,8.772,3.136,2140.0,0.0,3.80177571468,2284.0,18.0892,15.999999999999998
16.355700000000002,1.339201426,0.12,0.12,1.84,0.9744,4.1918155172,-5.1888988366,3741.564833807473,166.5,21.664,2.8,4.328,106.2,2.7,1244.0,39.49948,8.772,3.136,2140.0,1.0,3.80177571468,2284.0,18.0892,15.999999999999998
15.95085,1.512807809,0.1399999999999999,0.1399999999999999,1.9,0.96,4.2757737372,-5.1091820625,3741.564833807473,166.5,21.22,2.46,4.5902,105.72,2.7,1402.0,39.49948,8.772,3.878,2140.0,0.0,3.78087114254,2474.0,18.0892,15.999999999999998
17.198,0.669570377,0.08,0.08,1.52,1.0042,3.9182467644,-5.0952662766,3120.9710503362803,139.96666666666667,22.536,2.74,4.701,106.36,2.7,1388.0,41.86623333333334,12.31,3.168,3250.0,1.0,3.84418393202,2194.0,17.461,15.999999999999998
15.613910344828,1.668305788,0.16,0.16,2.28,0.9476,4.5567616052,-5.358694038240801,3741.651901706685,168.48,20.956000000000003,2.84,4.2664,107.28,2.7,1348.0,25.02348,8.591999999999999,1.996,2220.0,0.0,3.7674919518,2428.0,17.981199999999998,17.4
15.613910344828,1.596739737,0.16,0.16,2.28,0.9476,4.5567616052,-5.358694038240801,3741.651901706685,168.48,20.956000000000003,2.84,4.2664,107.28,2.7,1348.0,25.02348,8.591999999999999,1.996,2220.0,0.0,3.7674919518,2428.0,17.981199999999998,17.4
18.2494,0.916965728,0.02,0.02,0.8699999999999999,1.0442,3.4984468327,-4.7619983152500005,3742.809787409628,165.6,23.638,2.28,5.247400000000001,105.18,2.7,1625.0,34.19948,12.01,4.179,3620.0,0.0,3.88737717334,2028.0,17.7172,15.999999999999998
15.5878,1.912070749,0.16,0.16,2.0,0.946,4.3428333632000005,-5.0645103226,3741.397617701905,166.82,20.812,2.3600000000000003,4.7124,105.64,2.8000000000000003,1408.0,41.59948,9.506,3.952,2160.0,0.0,3.76458768136,2524.0,18.4868,15.999999999999998
17.44265,1.172822544,0.06,0.06,1.4,1.015,3.9319286308,-5.1156326209,3741.784249165629,164.88,22.822000000000003,2.8599999999999994,4.7376,106.14,2.53,1348.0,38.23948,9.732,2.856,2420.0,1.0,3.85030787554,1980.0,17.9772,9.3
15.876883620689998,1.110784195,0.15,0.15,2.35,0.956,4.651090008000001,-5.529975929784,3741.87131706484,166.86,21.21,3.05,4.8245000000000005,108.2,2.2500000000000004,1505.0,23.76348,9.552,1.375,2500.0,0.0,3.78448040645,2405.0,17.8692,7.4
16.09645,1.346747936,0.1399999999999999,0.1399999999999999,1.26,0.9616,3.9109955816,-4.3810313889,4674.220221329153,206.05,21.336,2.14,4.165799999999999,106.67999999999998,2.0500000000000003,1214.0,104.57435,6.862499999999999,12.706,2025.0,0.0,3.79676137078,2202.0,19.3745,58.8
16.3887,0.625828856,0.12,0.12,1.7199999999999998,0.9748,4.1213485156,-5.052909463600001,3741.73165005723,167.2,21.692,2.76,4.224,106.44,2.53,1196.0,99.69948,8.252,4.848,1900.0,0.0,3.80538230112,2224.0,18.7356,58.8
16.05565,1.520689833,0.1399999999999999,0.1399999999999999,1.74,0.9616,4.1597260292,-4.9336109337,3741.73165005723,167.2,21.324,2.62,4.190999999999999,106.68,2.53,1202.0,99.69948,8.252,6.766,1900.0,0.0,3.79236972334,2298.0,18.7356,58.8
15.695400000000005,1.592286505,0.16,0.16,2.08,0.9484,4.3639238412,-5.182698767,3741.73165005723,167.2,20.948,2.8,4.1748,106.92000000000002,2.53,1200.0,99.69948,8.252,4.724,1900.0,1.0,3.7764293806,2436.0,18.7356,58.8
15.681800000000004,1.61775047,0.16,0.16,2.24,0.9484,4.4468339904,-5.3668919486,4674.207077088563,204.875,20.944000000000003,2.96,4.183199999999999,106.92,2.53,1196.0,24.37435,6.914999999999999,2.744,2000.0,0.0,3.77496549812,2468.0,18.3465,9.3
16.72175,1.248987689,0.1,0.1,1.7000000000000002,0.988,4.082971002000001,-5.1722079935,4674.207077088563,204.875,22.06,2.9,4.257,106.2,2.53,1190.0,24.37435,6.914999999999999,2.93,2000.0,0.0,3.8183948789,2150.0,18.3465,9.3
16.3751,1.205716716,0.12,0.12,1.88,0.9748,4.2042586648,-5.2371026452,4674.207077088563,204.875,21.688,2.92,4.2324,106.44,2.53,1192.0,24.37435,6.914999999999999,2.868,2000.0,0.0,3.80391841864,2256.0,18.3465,9.3
16.3751,1.403081695,0.12,0.12,1.88,0.9748,4.2042586648,-5.2371026452,4674.207077088563,204.875,21.688,2.92,4.2324,106.44,2.53,1192.0,24.37435,6.914999999999999,2.868,2000.0,0.0,3.80391841864,2256.0,18.3465,9.3
16.73535,1.493131595,0.1,0.1,1.54,0.988,4.0000608528,-4.9880148119,3741.73165005723,167.2,22.064,2.74,4.2486,106.20000000000002,2.53,1194.0,99.69948,8.251999999999999,4.91,1900.0,0.0,3.81985876138,2118.0,18.7356,58.8
16.87075,0.899788697,0.1,0.1,1.7400000000000002,0.9914,4.0519775748,-5.2083647369,3742.9660882669136,165.36,22.188,2.88,4.5808,106.84,2.53,1338.0,30.23948,11.532,2.838,3360.0,0.0,3.83185017572,2272.0,17.5412,9.3
15.45999224138,1.511687399,0.1699999999999999,0.1699999999999999,2.53,0.9418,4.732167671800001,-5.546355452518,4674.315911962577,207.35,20.858,3.17,3.9909,108.44,2.0500000000000003,1277.0,6.27935,6.69,0.573,2100.0,0.0,3.76241370399,2361.0,18.2115,4.5
15.45999224138,1.504089874,0.1699999999999999,0.1699999999999999,2.53,0.9418,4.732167671800001,-5.546355452518,4674.315911962577,207.35,20.858,3.17,3.9909,108.44,2.0500000000000003,1277.0,6.27935,6.69,0.573,2100.0,0.0,3.76241370399,2361.0,18.2115,4.5
15.633317241380002,1.564998886,0.16,0.16,2.44,0.9484,4.671523840400001,-5.513908126668,4674.315911962577,207.35,21.044,3.16,4.0032,108.32,2.0500000000000003,1276.0,6.27935,6.69,0.604,2100.0,0.0,3.76965193412,2308.0,18.2115,4.5
15.633317241380002,1.53234261,0.16,0.16,2.44,0.9484,4.671523840400001,-5.513908126668,4674.315911962577,207.35,21.044,3.16,4.0032,108.32,2.0500000000000003,1276.0,6.27935,6.69,0.604,2100.0,0.0,3.76965193412,2308.0,18.2115,4.5
15.633317241380002,1.409104157,0.16,0.16,2.44,0.9484,4.671523840400001,-5.513908126668,4674.315911962577,207.35,21.044,3.16,4.0032,108.32,2.0500000000000003,1276.0,6.27935,6.69,0.604,2100.0,0.0,3.76965193412,2308.0,18.2115,4.5
15.97996724138,1.181215032,0.1399999999999999,0.1399999999999999,2.26,0.9616,4.5502361776,-5.449013474968,4674.315911962577,207.35,21.416,3.14,4.027799999999999,108.07999999999998,2.0500000000000003,1274.0,6.27935,6.69,0.6659999999999999,2100.0,0.0,3.78412839438,2202.0,18.2115,4.5
15.656613793104,1.272467873,0.16,0.16,2.24,0.9484,4.5436757212,-5.3003117094544,3741.8187179564416,169.18,21.028,2.96,4.0308,108.04,2.0500000000000003,1264.0,85.22348,8.072,3.012,1980.0,0.0,3.7721785294,2308.0,18.6276,60.2
16.228015517242,1.097459292,0.1399999999999999,0.1399999999999999,2.16,0.9654,4.480466432,-5.2994476161612,3744.097188189187,170.84,21.64,3.04,3.9392,108.11999999999998,2.0500000000000003,1248.0,36.22348,7.047999999999999,1.104,1780.0,0.0,3.80477825214,2276.0,17.5762,21.9
16.476063793104,1.040729834,0.1399999999999999,0.1399999999999999,2.06,0.9691999999999998,4.4106966864,-5.1498817573544,3744.097188189187,170.84,21.864,2.9400000000000004,3.850600000000001,108.16,2.0500000000000003,1222.0,36.22348,7.047999999999999,1.5419999999999998,1780.0,0.0,3.8254281099,2350.0,17.5762,21.9
15.868265517242,0.981882948,0.16,0.16,2.52,0.9538,4.6090610076,-5.4592070834612,3744.45459175378,167.88,21.298,3.08,4.027,108.94,2.0500000000000003,1330.0,8.183480000000001,8.172,0.624,2580.0,0.0,3.78943364042,2386.0,17.1292,4.5
16.103213793104,1.234070965,0.16,0.16,2.6,0.9591999999999998,4.5465981748,-5.4045060402544,3744.45459175378,167.88,21.552,3.0,4.050800000000001,109.56,2.0500000000000003,1384.0,8.183480000000001,8.172,0.644,2580.0,0.0,3.80921534672,2464.0,17.1292,4.5
17.052,1.272987239,0.08,0.08,1.44,1.0004,3.9074553024,-4.9977469502,3741.553918559192,166.58,22.396,2.76,4.4284,105.64,2.8000000000000003,1192.0,37.63948,9.028,3.128,1900.0,0.0,3.83106433824,1988.0,18.3108,12.7
17.77265,1.125868605,0.06,0.06,1.58,1.0234,3.6318751276,-5.0118032557,3742.892925102612,165.62,23.158,2.74,4.326599999999999,107.4,2.53,1198.0,23.87948,8.362,2.538,1920.0,0.0,3.88067591704,1860.0,17.3932,9.3
17.551111111111112,1.088194803,0.1111111111111111,0.1111111111111111,0.6666666666666666,1.0588888888888888,3.668722025555556,-4.959645915694445,3749.053710206427,168.56,22.33611111111111,2.333333333333333,5.34611111111111,109.80555555555554,2.78,1455.5555555555557,67.03347999999998,7.8439999999999985,5.258333333333333,2020.0,0.0,3.8595002205,2380.555555555556,16.9558,29.7
17.77527777777778,1.058552124,0.1111111111111111,0.1111111111111111,0.7222222222222222,1.0622222222222222,3.656172918333333,-5.012533854722222,3128.238643245952,142.46666666666667,22.511111111111116,2.5,5.191111111111111,110.11111111111111,2.78,1444.4444444444446,36.4829,8.653333333333334,4.216666666666667,2166.666666666667,0.0,3.872336824333334,2383.333333333333,16.686333333333334,16.299999999999997
18.295287356322223,1.333712959,0.1111111111111111,0.1111111111111111,0.8888888888888888,1.0666666666666669,3.79212005,-5.174531946704445,3742.908813639053,168.44,22.97777777777778,2.7777777777777777,4.941111111111111,112.33333333333334,2.78,1377.7777777777778,28.59748,8.718,2.533333333333333,2080.0,0.0,3.8905558024444447,2188.888888888889,17.7096,17.4
18.281810344827772,1.270938248,0.1111111111111111,0.1111111111111111,0.7777777777777778,1.0661111111111112,3.7124240533333337,-5.066744385296667,3742.908813639053,168.44,22.916666666666664,2.555555555555556,5.123888888888889,111.61111111111111,2.78,1427.7777777777778,28.59748,8.718,3.5,2080.0,0.0,3.8890558147222234,2272.222222222222,17.7096,17.4
18.26833333333333,1.201840841,0.1111111111111111,0.1111111111111111,0.6666666666666666,1.0655555555555556,3.632728056666666,-4.958956823888888,4675.582840932416,205.125,22.855555555555554,2.333333333333333,5.306666666666667,110.88888888888889,2.78,1477.7777777777778,33.791850000000004,7.67,4.466666666666667,2150.0,0.0,3.887555827,2355.555555555556,18.227,16.299999999999997
18.451666666666668,0.803977637,0.1111111111111111,0.1111111111111111,0.0,1.0677777777777775,3.241244714444444,-4.203460307222223,4675.791361244613,206.0,23.011111111111116,2.111111111111111,4.728888888888889,112.22222222222224,2.1300000000000003,1211.111111111111,109.04185,7.02,13.977777777777778,1850.0,0.0,3.9075924183333335,2022.2222222222224,19.035,59.1
18.37611111111111,1.367965398,0.1111111111111111,0.1111111111111111,0.8888888888888888,1.0677777777777775,3.7018566544444447,-5.226755760555555,4675.778217004023,204.825,22.988888888888887,3.0,4.775555555555556,112.22222222222224,2.61,1188.888888888889,28.84185,7.0725,2.977777777777778,1825.0,0.0,3.899459737888889,2200.0,18.006999999999998,9.6
19.301573275862506,1.420594931,0.125,0.125,0.625,1.055,3.49858321375,-4.9362997969175,4675.887051878037,207.3,24.4625,2.75,3.5337500000000004,110.625,2.1300000000000003,1212.5,10.74685,6.8475,0.6125,1925.0,0.0,3.945918219875,2075.0,17.872,2.3
17.76181034482778,1.150244674,0.1111111111111111,0.1111111111111111,0.7777777777777778,1.0622222222222222,3.718586765555555,-5.053371681963334,3128.311199828628,144.11666666666667,22.538888888888888,2.555555555555556,5.14111111111111,110.5,2.78,1466.6666666666667,24.419566666666668,8.503333333333334,3.622222222222222,2233.333333333333,0.0,3.8708608343333335,2338.8888888888887,16.596333333333334,17.4
17.748333333333335,1.15620234,0.1111111111111111,0.1111111111111111,0.6666666666666666,1.0616666666666663,3.638890768888889,-4.945584120555555,3751.5308989012337,168.6,22.477777777777774,2.333333333333333,5.323888888888888,109.77777777777776,2.78,1516.6666666666667,27.73948,7.621999999999999,4.588888888888889,2320.0,0.0,3.8693608466111113,2422.222222222222,16.787599999999998,16.299999999999997
17.93166666666667,0.372875529,0.1111111111111111,0.1111111111111111,0.0,1.0638888888888889,3.2474074266666664,-4.190087603888889,3751.697715150991,169.3,22.633333333333333,2.111111111111111,4.746111111111111,111.11111111111111,2.1300000000000003,1250.0,87.93947999999999,7.101999999999999,14.1,2080.0,0.0,3.889397437944445,2088.888888888889,17.434,59.1
14.474,1.588329381,0.2,0.2,0.6,0.998,3.761486016,-5.222623240000001,6212.454027351656,266.6333333333333,19.44,2.4,4.799999999999999,105.0,1.91,1460.0,38.92246666666667,7.853333333333333,3.9,2100.0,0.0,3.7149785912,2820.0,20.968,16.299999999999997
16.416,1.155171744,0.1,0.1,0.6,1.025,3.587901483,-4.914669466,4673.171303207869,205.6,21.62,2.3,4.828999999999999,104.4,2.7,1450.0,30.07435,7.7475,4.239999999999999,2325.0,0.0,3.7975211258,2290.0,18.4835,16.299999999999997
16.4645,1.157831124,0.1,0.1,0.7,1.026,3.619009352,-5.0351789875,3740.8925155602033,166.84,21.68,2.6,4.59,105.0,2.7,1320.0,40.09948,8.96,3.5699999999999994,2140.0,0.0,3.8028778857,2220.0,18.0228,16.299999999999997
17.22833333333333,1.208222916,0.1111111111111111,0.1111111111111111,0.6666666666666666,1.0577777777777777,3.645053481111111,-4.932211417222222,4673.171303207869,205.6,22.1,2.333333333333333,5.341111111111111,108.66666666666666,2.7,1555.5555555555557,30.07435,7.7475,4.71111111111111,2325.0,0.0,3.8511658662222223,2488.888888888889,18.4835,16.299999999999997
16.526600000000002,1.283518741,0.1,0.1,0.64,1.027,3.5672070718000004,-4.9714953274,3741.05933180996,167.54,21.744,2.74,4.3426,105.6,2.53,1194.0,100.29948,8.440000000000001,4.88,1900.0,0.0,3.80969852808,2118.0,18.6692,59.1
17.817611111111113,1.109924289,0.1111111111111111,0.1111111111111111,0.7222222222222222,1.0618888888888889,3.694984192333333,-5.027733233722222,3126.352672808729,142.18333333333334,22.506666666666668,2.5,5.177666666666667,110.57777777777778,2.78,1387.7777777777778,68.56123333333335,8.796666666666665,4.716666666666667,1916.6666666666663,0.0,3.8728185413,2336.666666666667,16.79716666666667,29.8
17.790666666666667,1.144880151,0.1111111111111111,0.1111111111111111,0.6666666666666666,1.0613333333333332,3.677702042888889,-4.960783499555555,3749.267734376567,168.26,22.473333333333336,2.333333333333333,5.310444444444444,110.24444444444444,2.78,1460.0,66.23348,7.794,5.088888888888889,2020.0,0.0,3.869842563577778,2375.555555555556,16.9206,29.8
18.39138888888889,1.436959497,0.1111111111111111,0.1111111111111111,0.7222222222222222,1.067222222222222,3.666189017222222,-5.027181960277778,3743.035769909981,166.16,22.922222222222224,2.5,5.146111111111111,111.44444444444444,2.78,1405.5555555555557,42.27348,8.848,4.083333333333333,2000.0,1.0,3.8952630265,2316.6666666666665,17.7824,16.4
18.364444444444445,0.671109998,0.1111111111111111,0.1111111111111111,0.6666666666666666,1.0666666666666669,3.648906867777778,-4.960232226111111,4675.850371145091,204.75,22.88888888888889,2.333333333333333,5.278888888888888,111.11111111111111,2.78,1477.7777777777778,32.791850000000004,7.6075,4.455555555555555,2150.0,0.0,3.892287048777778,2355.555555555556,18.183,16.4
18.364444444444445,0.969633013,0.1111111111111111,0.1111111111111111,0.6666666666666666,1.0666666666666669,3.648906867777778,-4.960232226111111,4675.850371145091,204.75,22.88888888888889,2.333333333333333,5.278888888888888,111.11111111111111,2.78,1477.7777777777778,32.791850000000004,7.6075,4.455555555555555,2150.0,0.0,3.892287048777778,2355.555555555556,18.183,16.4
18.364444444444445,0.89855756,0.1111111111111111,0.1111111111111111,0.6666666666666666,1.0666666666666669,3.648906867777778,-4.960232226111111,4675.850371145091,204.75,22.88888888888889,2.333333333333333,5.278888888888888,111.11111111111111,2.78,1477.7777777777778,32.791850000000004,7.6075,4.455555555555555,2150.0,1.0,3.892287048777778,2355.555555555556,18.183,16.4
18.497666666666667,1.127359617,0.1111111111111111,0.1111111111111111,0.7333333333333333,1.0697777777777775,3.630144493333333,-4.951400269944444,3745.682159099791,165.8,23.04222222222222,2.333333333333333,5.255555555555555,111.6,2.78,1497.7777777777778,29.39348,8.906,4.2733333333333325,2620.0,0.0,3.903576883155556,2382.2222222222226,17.1064,16.4
18.47222222222222,1.270208864,0.1111111111111111,0.1111111111111111,0.8888888888888888,1.068888888888889,3.7180354655555554,-5.228031162777778,4676.045747216698,204.45,23.022222222222226,3.0,4.747777777777777,112.44444444444444,2.61,1188.888888888889,27.84185,7.01,2.966666666666667,1825.0,0.0,3.904190959666667,2200.0,17.963,9.7
18.983555555555554,1.221324889,0.1111111111111111,0.1111111111111111,1.1111111111111112,1.080888888888889,3.629160248222222,-5.139143550777778,3745.838459957077,165.56,23.60888888888889,2.866666666666667,4.760666666666667,114.13333333333333,2.61,1326.6666666666667,25.43348,8.428,2.535555555555556,2360.0,1.0,3.946969515,2337.777777777778,16.9304,9.7
18.431819923372224,1.424800022,0.1111111111111111,0.1111111111111111,1.0555555555555556,1.068888888888889,3.905277007222223,-5.350544644501111,3743.279138666478,167.9,23.105555555555554,3.166666666666667,4.597777777777777,113.61111111111111,2.61,1255.5555555555557,23.83748,8.19,1.1833333333333331,1820.0,1.0,3.899762989666667,2066.6666666666665,17.4984,10.7
18.418352490422222,1.380032571,0.1111111111111111,0.1111111111111111,1.1111111111111112,1.068888888888889,3.967690854444444,-5.391382471742222,4676.154582090712,206.925,23.133333333333333,3.2222222222222223,4.547777777777778,114.0,2.1300000000000003,1277.7777777777778,9.74685,6.785,0.5888888888888888,1925.0,1.0,3.898286999666667,2022.2222222222224,17.828,2.3
17.93810810810811,1.058185274,0.1081081081081081,0.1081081081081081,0.6486486486486487,1.0764864864864865,3.66656168945946,-4.872994279729729,3133.6103004432234,143.96666666666667,22.772972972972973,2.324324324324325,5.413783783783783,111.27027027027027,2.78,1475.6756756756756,55.78290000000001,7.733333333333332,6.01081081081081,2183.333333333333,0.0,3.894887474081081,2454.054054054054,15.938833333333331,29.8
17.93611111111111,1.290510594,0.1111111111111111,0.1111111111111111,0.3333333333333333,1.0638888888888889,3.4593279088888886,-4.5691112644444445,3128.425759548128,143.0,22.58888888888889,2.2222222222222223,5.007222222222222,110.66666666666666,2.78,1383.3333333333337,89.2829,8.576666666666666,9.333333333333332,2183.333333333333,0.0,3.884110364055556,2255.555555555556,17.342333333333332,59.2
17.898333333333333,1.092458885,0.1111111111111111,0.1111111111111111,0.7777777777777777,1.0638888888888889,3.689633878888889,-5.080758991111111,3128.4169967210687,142.21666666666667,22.57777777777778,2.6666666666666665,5.030555555555555,110.66666666666666,2.78,1372.2222222222222,35.81623333333334,8.611666666666666,3.833333333333333,2166.666666666667,0.0,3.880044023833333,2344.4444444444443,16.657,16.4
17.844444444444445,1.132219652,0.1111111111111111,0.1111111111111111,0.6666666666666666,1.0627777777777778,3.65506958,-4.946859522777777,3751.744923071374,168.3,22.511111111111116,2.333333333333333,5.296111111111111,110.0,2.78,1516.6666666666667,26.93948,7.571999999999998,4.5777777777777775,2320.0,0.0,3.874092068388889,2422.222222222222,16.752399999999998,16.4
17.844444444444445,1.093836443,0.1111111111111111,0.1111111111111111,0.6666666666666666,1.0627777777777778,3.65506958,-4.946859522777777,3751.744923071374,168.3,22.511111111111116,2.333333333333333,5.296111111111111,110.0,2.78,1516.6666666666667,26.93948,7.571999999999998,4.5777777777777775,2320.0,1.0,3.874092068388889,2422.222222222222,16.752399999999998,16.4
18.411,1.0794669,0.0888888888888888,0.0888888888888888,0.6666666666666666,1.0686666666666669,3.633426855111111,-4.897443328444444,3749.267734376567,168.26,23.102222222222224,2.311111111111112,5.315555555555555,110.51111111111112,2.78,1442.2222222222222,66.23348,7.794,5.1177777777777775,2020.0,0.0,3.894517096844445,2231.111111111111,16.9206,29.8
14.656,1.108407132,0.2,0.2,0.48,0.9988,3.6652532084,-5.040831215,4662.343371836843,202.95,19.464,2.4,4.9036,105.16,2.01,1316.0,50.86685,10.1975,3.484,1950.0,0.0,3.72450189952,2568.0,20.224,16.4
17.244699999999998,1.444923726,0.06,0.06,0.6,1.0364,3.5272042278,-4.7921766736,4673.438833420544,205.225,22.51,2.26,4.8256,104.28,2.7,1446.0,29.07435,7.685,4.369999999999999,2325.0,0.0,3.8330929994,2078.0,18.4395,16.4
16.5025,1.409546202,0.1,0.1,0.6,1.026,3.602462413,-4.915817328,4673.438833420544,205.225,21.65,2.3,4.803999999999999,104.6,2.7,1450.0,29.07435,7.685,4.23,2325.0,0.0,3.8017792254,2290.0,18.4395,16.4
15.3892,1.864283483,0.16,0.16,0.6,1.0104,3.7153496908,-5.1012783096,4673.438833420544,205.225,20.36,2.3600000000000003,4.771599999999999,105.08,2.7,1456.0,29.07435,7.685,4.02,2325.0,0.0,3.7548085644,2608.0,18.4395,16.4
17.3126,1.245655789,0.06,0.06,0.74,1.0377999999999998,3.5707552444,-4.9608900037,3741.1065397303432,166.54,22.594,2.68,4.491,105.12,2.7,1264.0,39.29948,8.91,3.4319999999999995,2140.0,0.0,3.84059246326,1980.0,17.9876,16.4
16.9512,0.62483346,0.08,0.08,0.76,1.0328,3.6146059108,-5.0468122352,3741.1065397303432,166.54,22.176,2.76,4.4324,105.4,2.7,1240.0,39.29948,8.91,3.228,2140.0,1.0,3.82600692824,2072.0,17.9876,16.4
16.209,1.186089227,0.12,0.12,0.76,1.0224,3.689864096,-5.1704528896,3741.1065397303432,166.54,21.316000000000003,2.8,4.4108,105.72,2.7,1244.0,39.29948,8.91,3.088,2140.0,0.0,3.79469315424,2284.0,17.9876,16.4
17.15348,0.739912829,0.08,0.08,0.808,1.03808,3.70451471752,-5.15887793332,3120.172263223253,139.58333333333334,22.3328,2.784,5.360079999999999,106.328,2.7,1385.6,55.74956666666667,13.671666666666663,3.4184,2666.6666666666665,1.0,3.845346426832,2066.4,17.733166666666666,16.4
17.1002,0.563673724,0.08,0.08,0.7999999999999999,1.0362,3.5836124836,-5.0829689786,3120.589138605339,140.0,22.304,2.74,4.756199999999999,106.04,2.7,1388.0,41.69956666666667,12.425,3.136,3250.0,1.0,3.83946222506,2194.0,17.376333333333335,16.4
16.441039999999997,0.921591106,0.12,0.12,0.8639999999999999,1.02784,3.65111456296,-5.13527384506,3121.7570015950514,140.45,21.5824,2.752,4.407039999999999,106.50400000000002,2.7,1300.8000000000002,35.3829,9.775,2.8672,2533.333333333333,0.0,3.814157774536,2343.2,17.122999999999998,16.4
17.324444444444445,1.249820546,0.1111111111111111,0.1111111111111111,0.6666666666666666,1.0588888888888888,3.6612322922222234,-4.933486819444444,4673.438833420544,205.225,22.133333333333333,2.333333333333333,5.313333333333333,108.88888888888889,2.7,1555.5555555555557,29.07435,7.685,4.699999999999999,2325.0,0.0,3.855897088,2488.888888888889,18.4395,16.4
15.4862,1.689864333,0.16,0.16,0.8,1.0124,3.7775654288,-5.3422973526,4673.634209492151,204.925,20.480000000000004,2.96,4.2936,106.28,2.53,1196.0,24.12435,7.0875,2.68,2000.0,0.0,3.7655220842,2468.0,18.2195,9.7
16.613100000000003,1.270890522,0.1,0.1,0.64,1.0279999999999998,3.5817680018000004,-4.9726431894,3741.273355980101,167.24,21.774,2.74,4.3176000000000005,105.8,2.53,1194.0,99.49948,8.39,4.869999999999999,1900.0,0.0,3.81395662768,2118.0,18.634,59.2
16.613100000000003,1.400766339,0.1,0.1,0.64,1.0279999999999998,3.5817680018000004,-4.9726431894,3741.273355980101,167.24,21.774,2.74,4.3176000000000005,105.8,2.53,1194.0,99.49948,8.39,4.869999999999999,1900.0,0.0,3.81395662768,2118.0,18.634,59.2
15.8409,1.745952246,0.1399999999999999,0.1399999999999999,0.72,1.0168,3.6857082994,-5.1709106338,3741.095624482062,166.62,20.874,2.8200000000000003,4.4512,105.79999999999998,2.8000000000000003,1198.0,37.43948,9.166,2.886,1900.0,0.0,3.77937197028,2306.0,18.2092,13.1
18.315050505050504,0.90279338,0.0,0.0,0.7474747474747476,1.0506060606060603,3.392278765353536,-4.793501425858586,3738.913004097704,165.82,23.747474747474747,2.282828282828283,5.522323232323234,104.53535353535354,2.7,1589.8989898989898,42.99948,18.084,4.149494949494949,3960.0,0.0,3.887818136676768,1828.282828282828,15.505399999999998,12.9
18.1377,1.030287577,0.0,0.0,0.66,1.0499,3.4129669995,-4.6778001393,3738.7187877758456,168.34,23.55,2.24,5.172699999999999,104.06,2.7,1546.0,117.29948,13.03,4.933,3280.0,0.0,3.87477837541,1838.0,19.8034,57.9
18.09277777777778,1.190045656,0.1111111111111111,0.1111111111111111,0.6666666666666666,1.0633333333333337,3.611669553333333,-4.953515523333333,4675.529781965052,203.4,22.73333333333333,2.333333333333333,5.47111111111111,110.55555555555554,2.78,1477.7777777777778,32.99185,8.04,4.411111111111111,2150.0,0.0,3.878707377777778,2355.555555555556,18.3125,16.799999999999997
18.09277777777778,1.12538112,0.1111111111111111,0.1111111111111111,0.6666666666666666,1.0633333333333337,3.611669553333333,-4.953515523333333,4675.529781965052,203.4,22.73333333333333,2.333333333333333,5.47111111111111,110.55555555555554,2.78,1477.7777777777778,32.99185,8.04,4.411111111111111,2150.0,1.0,3.878707377777778,2355.555555555556,18.3125,16.799999999999997
18.20055555555556,1.356603,0.1111111111111111,0.1111111111111111,0.8888888888888888,1.0655555555555556,3.680798151111112,-5.22131446,4675.725158036659,203.1,22.866666666666667,3.0,4.94,111.88888888888889,2.61,1188.888888888889,28.04185,7.442499999999999,2.9222222222222225,1825.0,0.0,3.890611288666667,2200.0,18.0925,10.1
17.572777777777777,1.177418459,0.1111111111111111,0.1111111111111111,0.6666666666666666,1.0594444444444444,3.6178322655555553,-4.94014282,3751.488451727343,167.22,22.355555555555554,2.333333333333333,5.488333333333333,109.44444444444444,2.78,1516.6666666666667,27.09948,7.917999999999998,4.533333333333333,2320.0,0.0,3.860512397388889,2422.222222222222,16.855999999999998,16.799999999999997
17.61861111111111,1.184798143,0.1111111111111111,0.1111111111111111,0.5,1.06,3.51996143,-4.751268690833333,3128.2120334281026,142.1,22.39444444444445,2.2777777777777777,5.343888888888889,109.77777777777776,2.78,1450.0,89.41623333333334,8.865,6.911111111111111,2183.333333333333,0.0,3.865521545222223,2338.8888888888887,17.428666666666665,59.6
17.75611111111111,0.380456917,0.1111111111111111,0.1111111111111111,0.0,1.0616666666666663,3.226348923333333,-4.184646303333333,3751.6552679771,167.92000000000002,22.511111111111116,2.111111111111111,4.910555555555556,110.77777777777776,2.1300000000000003,1250.0,87.29948,7.397999999999999,14.044444444444444,2080.0,0.0,3.8805489887222224,2088.888888888889,17.5024,59.6
17.718333333333334,1.128502772,0.1111111111111111,0.1111111111111111,0.4444444444444444,1.0616666666666668,3.456654893333333,-4.69629403,3128.342284142507,141.9,22.5,2.555555555555556,4.933888888888889,110.77777777777776,2.61,1238.888888888889,86.11623333333333,8.466666666666667,8.544444444444444,1966.6666666666663,0.0,3.876482648500001,2177.777777777778,17.282,59.6
18.0182,1.998021555,0.02,0.02,0.78,1.0468,3.4532056488,-4.668590813,4673.325164856839,205.175,23.368,2.24,4.8186,103.98,2.7,1442.0,28.79935,7.3275,4.508,2325.0,0.0,3.86591322626,1866.0,18.5145,16.5
18.1769,1.039863509,0.02,0.02,0.84,1.0504,3.4284337954,-4.7288494607,3742.260558481534,165.6,23.508000000000003,2.28,5.0946,104.74,2.7,1564.0,33.77948,11.862,4.282,3620.0,0.0,3.88043987506,1974.0,17.6756,16.5
18.1152,1.615505054,0.02,0.02,0.98,1.0488,3.5154213868,-4.909609856,4673.520540928446,204.875,23.488,2.84,4.3406,105.18,2.53,1182.0,23.84935,6.73,3.168,2000.0,0.0,3.87662674606,1726.0,18.2945,9.8
18.0988,1.560765561,0.02,0.02,0.9,1.048,3.4611933500000003,-4.8000434644,3741.004689631097,166.58,23.452,2.72,4.4874,104.86,2.8000000000000003,1186.0,37.21948,8.88,3.304,1900.0,0.0,3.87481974514,1670.0,18.2692,13.2
18.107,1.446282355,0.02,0.02,0.94,1.0484,3.4883073684,-4.8548266602000005,3741.004689631097,166.58,23.47,2.78,4.414,105.02,2.8000000000000003,1184.0,37.21948,8.88,3.236,1900.0,0.0,3.8757232456,1698.0,18.2692,13.2
17.72691724138,1.293270495,0.04,0.04,1.36,1.0436,3.7789999356,-5.118501155068,4673.62937580246,207.35,23.156,3.08,4.1212,106.76,2.0500000000000003,1264.0,5.75435,6.505,0.956,2100.0,0.0,3.85716274792,1672.0,18.1595,4.5
17.717213793104,1.191890743,0.04,0.04,1.2800000000000002,1.0432,3.721618818,-5.040894110854401,3741.10267277859,168.48,23.112,2.92,4.2528,106.24,2.7,1300.0,24.60348,8.444,1.652,2220.0,0.0,3.85608275676,1732.0,17.9396,17.4
18.37255,1.330078634,0.0,0.0,0.63,1.0523,3.4236493107,-4.64286854845,4667.573380729641,206.825,23.818,2.29,4.7863,103.98,2.7,1401.0,45.99935000000001,9.415,4.379,1900.0,0.0,3.88167068837,1739.0,19.84675,12.9
18.5652,1.074366897,0.0,0.0,0.7600000000000001,1.0566,3.4206529656,-4.7874838612,3737.659131179776,166.92000000000002,24.0,2.54,4.895,105.16,2.7,1432.0,47.53948,13.532,3.684,3280.0,0.0,3.8999470691,1798.0,18.7414,12.9
18.5361,0.994824925,0.0,0.0,0.7,1.056,3.4019882442,-4.7151781483,3737.659131179776,166.92000000000002,23.964,2.3600000000000003,5.038399999999999,104.8,2.7,1510.0,47.53948,13.532,4.085999999999999,3280.0,0.0,3.89673301316,1840.0,18.7414,12.9
18.490952380952,1.152710829,0.0,0.0,0.59,1.0512,3.4598131281000004,-4.614018795275,3739.701528947041,190.86,23.89,2.28,4.833600000000001,103.73,3.15,1438.0,36.84647999999999,11.24,4.267,2540.0,0.0,3.89151907868,1735.0,19.8224,17.9
18.5167,1.073287017,0.0,0.0,0.66,1.0556,3.3895450966,-4.6669743397,4669.129572732334,205.7,23.94,2.24,5.134,104.56,2.7,1562.0,39.37435000000001,13.4625,4.353999999999999,3750.0,0.0,3.8945903092,1868.0,19.38175,12.9
18.5167,1.091425833,0.0,0.0,0.66,1.0556,3.3895450966,-4.6669743397,4669.129572732334,205.7,23.94,2.24,5.134,104.56,2.7,1562.0,39.37435000000001,13.4625,4.353999999999999,3750.0,1.0,3.8945903092,1868.0,19.38175,12.9
18.6754,1.147301119,0.0,0.0,0.7200000000000002,1.0592,3.3647732432,-4.727232987400001,4669.129572732334,205.7,24.08,2.28,5.41,105.32,2.7,1684.0,39.37435000000001,13.4625,4.128,3750.0,0.0,3.909116958,1976.0,19.38175,12.9
18.6754,1.048977233,0.0,0.0,0.7200000000000002,1.0592,3.3647732432,-4.727232987400001,4669.129572732334,205.7,24.08,2.28,5.41,105.32,2.7,1684.0,39.37435000000001,13.4625,4.128,3750.0,1.0,3.909116958,1976.0,19.38175,12.9
18.674200000000003,0.965100422,0.0,0.0,0.7400000000000001,1.0592,3.3754616728,-4.7623945476000005,3738.913004097704,165.82,24.07,2.28,5.541399999999999,105.44,2.7,1604.0,42.99948,18.084,4.158,3960.0,0.0,3.90902501984,1852.0,15.505399999999998,12.9
18.358,1.381040073,0.0,0.0,0.6,1.052,3.41431695,-4.606715692,6219.505385983007,271.8333333333333,23.8,2.2,4.858,103.8,2.7,1440.0,34.59913333333334,7.949999999999999,4.58,2066.6666666666665,0.0,3.8800636604,1760.0,21.069,12.9
18.358,1.357678195,0.0,0.0,0.6,1.052,3.41431695,-4.606715692,6219.505385983007,271.8333333333333,23.8,2.2,4.858,103.8,2.7,1440.0,34.59913333333334,7.949999999999999,4.58,2066.6666666666665,0.0,3.8800636604,1760.0,21.069,12.9
18.8376,1.140011517,0.0,0.0,0.8400000000000001,1.0632,3.346772402,-4.5749206498,4670.881367216903,206.375,24.352,2.2,4.774,105.56,2.7,1512.0,29.89935,9.4875,3.924,2675.0,0.0,3.92070706416,1856.0,19.00175,16.4
18.5978,1.105586892,0.0,0.0,0.72,1.0576,3.380544676,-4.5908181709,4670.881367216903,206.375,24.076,2.2,4.816,104.68,2.7,1476.0,29.89935,9.4875,4.252,2675.0,0.0,3.90038536228,1808.0,19.00175,16.4
18.856125,1.079159913,0.0,0.0,0.8250000000000001,1.0635,3.3411367907500003,-4.6621671002500005,3740.305520369586,166.56,24.32,2.25,5.150499999999999,105.85,2.7,1637.5,34.65948,13.59,3.8875,3900.0,0.0,3.92362409875,1955.0,18.0654,16.4
18.817325,1.175876842,0.0,0.0,0.8250000000000002,1.0627,3.34902250715,-4.593959692,3740.305520369586,166.56,24.318,2.21,4.8535,105.53,2.7,1533.5,34.65948,13.590000000000002,3.9495,3900.0,0.0,3.91925830089,1871.0,18.0654,16.4
18.4869,1.068497828,0.0,0.0,0.7000000000000001,1.0552,3.3510316742,-4.6206124515,4669.038118776956,206.025,23.93,2.22,4.817,104.48,2.7,1418.0,31.42435,9.5,4.273999999999999,1950.0,1.0,3.89224438492,1720.0,19.19675,15.3
18.6158,1.053813404,0.0,0.0,0.8,1.0584,3.2877463984,-4.634509211,4669.038118776956,206.025,24.06,2.24,4.776,105.16,2.7,1396.0,31.42435,9.5,3.968,1950.0,1.0,3.90442510944,1680.0,19.19675,15.3
18.5155,1.082358081,0.0,0.0,0.68,1.0556,3.4002335262,-4.7021358999,4669.140721877051,205.45,23.93,2.24,5.2654,104.68,2.7,1482.0,40.32435,15.105,4.384,2750.0,0.0,3.89449837104,1744.0,15.801749999999998,12.9
18.673,1.05590251,0.0,0.0,0.7600000000000001,1.0592,3.3861501024000003,-4.7975561078,4669.140721877051,205.45,24.06,2.28,5.6728000000000005,105.56,2.7,1524.0,40.32435,15.105,4.188,2750.0,0.0,3.90893308168,1728.0,15.801749999999998,12.9
18.988,1.034329022,0.0,0.0,0.92,1.0664,3.3579832548,-4.9883965236000005,4669.140721877051,205.45,24.32,2.3600000000000003,6.4876,107.32,2.7,1608.0,40.32435,15.105,3.796,2750.0,0.0,3.93780250296,1696.0,15.801749999999998,12.9
18.8004,1.081152365,0.0,0.0,0.72,1.0612,3.356150444,-4.5943999046,4672.882342707885,206.7,24.236,2.2,4.7618,105.08,2.7,1438.0,30.24935,8.809999999999999,4.257999999999999,2200.0,1.0,3.91228599322,1894.0,18.86175,16.099999999999998
19.242800000000003,1.165923344,0.0,0.0,0.8400000000000001,1.0704,3.297983938,-4.582084117200001,4672.882342707885,206.7,24.672,2.2,4.6656,106.36,2.7,1436.0,30.24935,8.809999999999999,3.936,2200.0,1.0,3.94450832604,2028.0,18.86175,16.099999999999998
18.478,1.295281178,0.0,0.0,0.85,1.0545,3.5528101500000004,-4.908746344000001,4667.847649927336,204.8,23.935,2.8,4.7395,105.35,2.53,1315.0,44.42435,10.615,3.075,2250.0,1.0,3.8932439103,1655.0,19.70675,6.199999999999999
18.6844,1.242756117,0.0,0.0,0.88,1.0594,3.4421562308,-4.8811110345,4670.391593357473,205.05,24.134,2.76,4.6478,105.86,2.53,1204.0,26.74935,12.165,3.084,1875.0,0.0,3.90998066314,1640.0,19.313,7.799999999999999
18.6534,1.296505973,0.0,0.0,0.8400000000000001,1.0592,3.5639528652,-4.9501596714,4668.699635730813,204.775,24.072,2.8000000000000003,5.3268,105.88,2.53,1336.0,55.49935000000001,14.735,3.484,2550.0,1.0,3.909688138,1620.0,19.697,12.3
18.604,1.362763667,0.0,0.0,0.84,1.0574,3.4455392608000004,-4.883891478400001,4669.324948803942,205.4,24.048,2.78,4.703799999999999,105.64,2.53,1328.0,34.424350000000004,12.865,3.148,3425.0,0.0,3.90423247702,1742.0,19.16175,6.199999999999999
18.753,1.23185872,0.0,0.0,0.8800000000000001,1.0608,3.4145458336,-4.9200482218,4669.324948803942,205.4,24.176,2.76,5.0276000000000005,106.28,2.53,1476.0,34.424350000000004,12.865,3.056,3425.0,0.0,3.91768777384,1864.0,19.16175,6.199999999999999
18.751800000000003,1.172974327,0.0,0.0,0.9,1.0608,3.4252342632,-4.955209782000001,3739.06930495499,165.58,24.166,2.7600000000000007,5.159,106.4,2.53,1396.0,39.03948,17.606,3.086,3700.0,0.0,3.91759583568,1740.0,15.3294,6.199999999999999
18.455,1.418154568,0.0,0.0,0.8,1.054,3.4765326880000003,-4.847734735,6219.765887411816,271.43333333333334,23.92,2.8,4.38,105.0,2.53,1180.0,27.999133333333333,7.153333333333333,3.24,1633.3333333333337,0.0,3.8907771802,1620.0,20.775666666666663,6.199999999999999
18.455,1.37237551,0.0,0.0,0.8,1.054,3.4765326880000003,-4.847734735,6219.765887411816,271.43333333333334,23.92,2.8,4.38,105.0,2.53,1180.0,27.999133333333333,7.153333333333333,3.24,1633.3333333333337,0.0,3.8907771802,1620.0,20.775666666666663,6.199999999999999
18.455,1.45317773,0.0,0.0,0.8,1.054,3.4765326880000003,-4.847734735,6219.765887411816,271.43333333333334,23.92,2.8,4.38,105.0,2.53,1180.0,27.999133333333333,7.153333333333333,3.24,1633.3333333333337,0.0,3.8907771802,1620.0,20.775666666666663,6.199999999999999
18.455,1.394624163,0.0,0.0,0.8,1.054,3.4765326880000003,-4.847734735,6219.765887411816,271.43333333333334,23.92,2.8,4.38,105.0,2.53,1180.0,27.999133333333333,7.153333333333333,3.24,1633.3333333333337,1.0,3.8907771802,1620.0,20.775666666666663,6.199999999999999
18.894925,1.279980024,0.0,0.0,0.985,1.0643,3.3987950975500003,-4.7867749264,3740.461821226872,166.32,24.414,2.6900000000000004,4.4711,106.49,2.53,1325.5,30.69948,13.112000000000002,2.8774999999999995,3640.0,0.0,3.92782911673,1759.0,17.8894,9.7
18.624275,1.264746432,0.0,0.0,0.855,1.0579,3.44328915565,-4.8648524362,3740.461821226872,166.32,24.082,2.77,4.6243,105.67,2.53,1306.5,30.69948,13.112000000000002,3.1225,3640.0,0.0,3.90568124029,1727.0,17.8894,9.7
18.6492,1.661320829,0.0,0.0,0.72,1.0528,3.5457911130000004,-4.7905234079,4669.828509988016,204.225,24.086,2.76,5.108,104.58,2.53,1172.0,57.99935000000001,17.9175,3.016008,1475.0,0.0,3.90755747546,1666.0,19.668,11.199599999999998
18.5742,1.181342423,0.0,0.0,0.88,1.057,3.4070258384,-4.837529590200001,4669.233494848564,205.725,24.038,2.76,4.3868,105.56,2.53,1184.0,26.47435,8.9025,3.068,1625.0,0.0,3.90188655274,1594.0,18.97675,8.6
18.5742,1.17402014,0.0,0.0,0.88,1.057,3.4070258384,-4.837529590200001,4669.233494848564,205.725,24.038,2.76,4.3868,105.56,2.53,1184.0,26.47435,8.9025,3.068,1625.0,1.0,3.90188655274,1594.0,18.97675,8.6
18.7506,1.544329879,0.0,0.0,0.92,1.0608,3.4359226928,-4.9903713422,4669.336097948659,205.15,24.156,2.76,5.2904,106.52,2.53,1316.0,35.37435000000001,14.5075,3.116,2425.0,0.0,3.91750389752,1616.0,15.58175,6.199999999999999
18.7043,1.398181647,0.0,0.0,0.88,1.0596,3.4320638324000003,-4.8529442189,4670.64090137616,205.0,24.15,2.76,4.5238,105.86,2.53,1204.0,26.67435,10.615,3.062,1875.0,0.0,3.91129428928,1640.0,18.86425,8.899999999999999
18.9536,1.277212982,0.0,0.0,0.96,1.0652,3.3875949768,-4.8581537028,4670.64090137616,205.0,24.380000000000003,2.72,4.6676,106.72,2.53,1228.0,26.67435,10.615,2.884,1875.0,0.0,3.93181139836,1660.0,18.86425,8.899999999999999
18.832533333334,1.360525553,0.0,0.0,0.8,1.0564,3.4412397156,-4.8360292572666,4683.786381729632,224.075,24.312,2.78,4.2781,105.16,2.68,1264.0,46.62435000000001,5.94875,3.468,3025.0,0.0,3.90335739466,1570.0,23.488,11.4
18.745233333334,0.998705894,0.0,0.0,0.62,1.0546,3.3852455514,-4.6191121185666,3749.228277520328,181.86,24.204,2.24,4.7083,104.08,2.85,1498.0,57.29948,7.999,4.674,2960.0,0.0,3.89371522684,1696.0,22.2024,12.9
18.764633333334,1.168310701,0.0,0.0,0.6599999999999999,1.055,3.397688699,-4.6673159271666,3749.228277520328,181.86,24.228,2.36,4.612699999999999,104.32,2.85,1446.0,57.29948,7.999,4.405999999999999,2960.0,0.0,3.8958579308,1668.0,22.2024,12.9
18.784033333334,1.210035106,0.0,0.0,0.7,1.0554,3.4101318466,-4.7155197357666,3749.228277520328,181.86,24.252,2.48,4.5171,104.56,2.85,1394.0,57.29948,7.999,4.138,2960.0,0.0,3.89800063476,1640.0,22.2024,12.9
18.940566666667,1.111649266,0.0,0.0,0.9,1.062,3.407587777,-4.9493570431333005,3128.5323982430045,151.65,24.362,2.75,5.10805,106.48000000000002,2.68,1438.0,49.61623333333334,15.060833333333331,3.2,4283.333333333333,0.0,3.92388594291,1715.0,18.04533333333333,11.4
18.375433333333,1.105169817,0.0,0.0,0.9,1.054,3.4104006544,-4.9570805151,3119.4817638091376,145.65,23.822,2.75,5.1147,105.73000000000002,2.53,1408.0,46.64956666666667,15.171666666666663,3.153,3783.3333333333335,0.0,3.8979992266,1727.0,25.5475,6.699999999999999
14.157999999999998,1.588397016,0.2,0.2,0.6,0.994,3.72358071,-5.212828899,6212.383282061838,264.3333333333333,19.22,2.4,5.095999999999999,104.4,1.8999999999999997,1460.0,37.8558,8.346666666666668,3.8,2100.0,0.0,3.6990513826,2820.0,21.082,16.799999999999997
18.501933333333,1.104270457,0.0,0.0,0.9,1.0571,3.4212810599,-4.9509840598333,3122.4641422762,149.81666666666666,24.003,2.75,5.1107,106.11,2.53,1371.0,56.032900000000005,15.105,3.237,3166.666666666667,0.0,3.90641678749,1709.0,20.6555,15.1
17.518,1.33357892,0.04,0.04,0.6,1.0404,3.476169702,-4.7279383334,4673.118244240505,203.875,22.884,2.24,4.9056,103.92,2.7,1444.0,29.27435,8.1175,4.424,2325.0,0.0,3.84386120484,1972.0,18.569,16.799999999999997
16.258,1.248215452,0.1,0.1,0.6,1.023,3.56894883,-4.9097722955,4673.118244240505,203.875,21.51,2.3,4.976999999999999,104.1,2.7,1450.0,29.27435,8.1175,4.19,2325.0,0.0,3.7895575215,2290.0,18.569,16.799999999999997
16.258,1.379591062,0.1,0.1,0.6,1.023,3.56894883,-4.9097722955,4673.118244240505,203.875,21.51,2.3,4.976999999999999,104.1,2.7,1450.0,29.27435,8.1175,4.19,2325.0,1.0,3.7895575215,2290.0,18.569,16.799999999999997
14.998,1.45318851,0.16,0.16,0.6,1.0056,3.661727958,-5.0916062576000005,4673.118244240505,203.875,20.136000000000003,2.3600000000000003,5.048399999999999,104.28,2.7,1456.0,29.27435,8.1175,3.956,2325.0,0.0,3.73525383816,2608.0,18.569,16.799999999999997
16.2774,1.362058545,0.1,0.1,0.6400000000000001,1.0234,3.5813919776,-4.9579761041,3740.8500683863126,165.46,21.534,2.42,4.8814,104.34,2.7,1398.0,39.45948,9.256,3.922,2140.0,1.0,3.79170022546,2262.0,18.0912,16.799999999999997
16.4167,1.028927148,0.1,0.1,0.66,1.0266,3.5441769766,-4.9700309432,3742.095021988467,164.56,21.65,2.34,5.252999999999999,104.86,2.7,1572.0,34.15948,12.494,3.964,3620.0,0.0,3.8040841703,2398.0,17.7192,16.799999999999997
17.22496,1.061111419,0.06,0.06,0.648,1.03748,3.48727859528,-4.8367565722600006,3742.095021988467,164.56,22.538,2.292,5.1502,104.588,2.7,1543.6,34.15948,12.494000000000002,4.1652000000000005,3620.0,0.0,3.8373812961,2164.4,17.7192,16.799999999999997
17.052777777777777,1.257851153,0.1111111111111111,0.1111111111111111,0.6666666666666666,1.0555555555555556,3.6239949777777776,-4.926770116666667,4673.118244240505,203.875,21.977777777777774,2.333333333333333,5.505555555555555,108.33333333333334,2.7,1555.5555555555557,29.27435,8.1175,4.655555555555555,2325.0,0.0,3.842317417,2488.888888888889,18.569,16.799999999999997
18.664525,1.300782616,0.0,0.0,0.8899999999999999,1.0589,3.44146105275,-4.83556474185,3740.4707405426448,166.12,24.1475,2.75,4.49815,105.76,2.53,1243.5,31.45948,14.426000000000002,3.079,2840.0,0.0,3.90855578229,1666.0,15.025399999999998,9.7
16.355,1.157322964,0.1,0.1,0.8,1.025,3.631164568,-5.1507913385,4673.313620312112,203.575,21.630000000000003,2.9,4.499,105.29999999999998,2.53,1190.0,24.32435,7.52,2.85,2000.0,0.0,3.8002710413,2150.0,18.349,10.1
16.30651724138,1.298886141,0.1,0.1,1.0,1.025,3.855854418,-5.2978075165680005,4673.422455186126,206.05,21.73,3.1,4.318999999999999,106.7,2.0500000000000003,1270.0,6.22935,7.294999999999999,0.71,2100.0,0.0,3.7949574773,1990.0,18.214,4.5
19.2298,1.205891589,0.0,0.0,1.32,1.0735,3.0247381656,-4.7814012938,4669.233494848564,205.725,24.687,2.54,4.4242,108.64,2.53,1206.0,26.47435,8.9025,2.122,1625.0,0.0,3.96298810171,1451.0,18.97675,8.6
18.6934,1.211935771,0.0,0.0,0.96,1.06,3.3375189888000003,-4.8273244454,4669.233494848564,205.725,24.156,2.72,4.3936,106.12,2.53,1188.0,26.47435,8.9025,2.896,1625.0,0.0,3.91299592528,1568.0,18.97675,8.6
17.0461,1.384457423,0.0,0.0,1.14,1.0346,3.5056081458,-4.8936228625,4672.882342707885,206.7,22.414,2.26,5.095599999999999,103.5,2.7,1416.0,30.24935,8.809999999999999,4.388,2200.0,1.0,3.82307965946,2096.0,18.86175,16.099999999999998
17.996666666666666,0.754822199,0.0,0.0,1.6666666666666663,1.0633333333333337,3.608914123333333,-5.148095538888889,4675.293880432432,206.225,22.71111111111111,2.333333333333333,5.778888888888888,109.66666666666666,2.78,1422.2222222222222,33.96685,8.7325,4.488888888888889,2025.0,1.0,3.873743826666667,2388.888888888889,18.60525,16.099999999999998
17.996666666666666,1.073710006,0.0,0.0,1.6666666666666663,1.0633333333333337,3.608914123333333,-5.148095538888889,4675.293880432432,206.225,22.71111111111111,2.333333333333333,5.778888888888888,109.66666666666666,2.78,1422.2222222222222,33.96685,8.7325,4.488888888888889,2025.0,0.0,3.873743826666667,2388.888888888889,18.60525,16.099999999999998
18.104444444444447,1.432587292,0.0,0.0,1.8888888888888888,1.0655555555555556,3.678042721111111,-5.415894475555556,4675.489256504039,205.925,22.84444444444444,3.0,5.247777777777777,111.0,2.61,1133.3333333333333,29.01685,8.135,3.0,1700.0,0.0,3.885647737555556,2233.333333333333,18.38525,9.4
17.476666666666667,1.047025013,0.0,0.0,1.6666666666666663,1.0594444444444444,3.615076835555556,-5.134722835555555,3751.299730501247,169.48,22.33333333333333,2.333333333333333,5.796111111111111,108.55555555555554,2.78,1461.1111111111113,27.87948,8.472,4.611111111111111,2220.0,0.0,3.8555488462777774,2455.555555555556,17.0902,16.099999999999998
